titulo|fecha|enlace|contenido|contenido_lematizado
Puno: Chofer ebrio de taxi provoca un choque|2024/09/03|https://diariosinfronteras.com.pe/2024/09/03/puno-chofer-ebrio-de-taxi-provoca-un-choque/|Chofer ebrio de taxi provoca un choque Un lamentable accidente se registro la madrugada de ayer, a la altura del paradero N°7 del centro poblado de Jayllihuaya, donde un taxi impacto contra un mototaxi dejando al chofer de la unidad menor gravemente herido. Según testimonio de los vecinos el automóvil de color rojo de placa de rodaje V4P- 689 de la empresa de transporte Disperso Express, colisionó contra un mototaxi de color azul, el mismo que quedó completamente destrozado, el conductor de la moto torito fue trasladado al servicio de emergencia del hospital de Puno, por tener heridas de consideración. Uno de los vecinos de la zona denunció que el conductor del taxi se encontraba en aparente estado de ebriedad y que en vez de socorrer al conductor del mototaxi habría intentado darse a la fuga siendo intervenido por los vecinos. Efectivos de la Policía Nacional el Perú se constituyeron en el lugar en horas de la mañana para realizar las diligencias correspondientes.|Chofer ebrio taxi provocar choque lamentable accidente registro madrugada ayer altura paradero N ° 7 centro poblado Jayllihuaya taxi impacto mototaxi dejar chofer unidad menor gravemente herido testimonio vecino automóvil color rojo placa rodaje V4P- 689 empresa transporte Disperso Express colisionar mototaxi color azul completamente destrozado conductor moto torito trasladar servicio emergencia hospital Puno herida consideración vecino zona denunciar conductor taxi encontrar aparente ebriedad socorrer conductor mototaxi haber intentar dar él fuga intervenir vecino efectivo Policía Nacional Perú constituir lugar horas mañana diligencia correspondiente
Puno: En riesgo de perder su pierna|2024/09/03|https://diariosinfronteras.com.pe/2024/09/03/puno-en-riesgo-de-perder-su-pierna/|En riesgo de perder su pierna Lucha por su salud. Salvador Chambi Miranda (30), un joven trabajador de construcción se encuentra luchando por volver a caminar, ya que el pasado 24 de agosto sufrió un terrible accidente de motocicleta en la avenida Mártires del 4 de Noviembre, en la salida a Puno. El impacto contra un automóvil fue tan fuerte que Salvador salió despedido de su moto lineal, sufriendo múltiples fracturas en la pierna izquierda, exactamente, desde la rodilla hacia abajo; además, sufrió desgarros musculares que ponen en riesgo su pierna. ESTÁ EN AREQUIPA Por la gravedad de las lesiones, actualmente se encuentra internado en un hospital de Arequipa, donde los médicos determinaron que necesita con urgencia tres operaciones para salvar y reconstruir su pierna, y así evitar la amputación. 60 MIL SOLES Sin embargo, la familia no cuenta con los recursos económicos necesarios para cubrir los costos de las intervenciones quirúrgicas, que ascienden a 60 mil soles aproximadamente. Por tanto, cada día que pasa, las posibilidades de salvar su pierna disminuyen. Asimismo, los médicos les confirmaron la gravedad de las lesiones y enfatizaron la importancia de iniciar el tratamiento lo antes posible. DESESPERADOS La familia Chambi Miranda se encuentra desesperada, por lo que han recurrido a la solidaridad de la comunidad juliaqueña. Es así que la mañana de ayer su hermana Luzmila, junto a sus padres, se congregaron en la Plaza de Armas de Juliaca para pedir ayuda. CADENA DE AYUDA Si deseas colaborar con Salvador, puedes realizar un depósito a través de Yape a los siguientes números: 974581861 o 976170096. La familia Chambi agradece infinitamente tu apoyo en estos momentos difíciles. Cada donación, por pequeña que sea, les brinda esperanza y les acerca a la posibilidad de que Salvador pueda volver a caminar.|riesgo perder pierna Lucha salud Salvador Chambi Miranda 30 joven trabajador construcción luchar volver caminar 24 agosto sufrir terrible accidente motocicleta avenida Mártires 4 noviembre salida Puno impacto automóvil fuerte Salvador salir despedido moto lineal sufrir múltiple fractura pierna izquierdo exactamente rodilla abajo sufrir desgarro muscular poner riesgo pierna AREQUIPA gravedad lesión actualmente internado hospital Arequipa médico determinar necesitar urgencia operación salvar reconstruir pierna evitar amputación 60 mil soles familia recurso económico necesario cubrir costo intervención quirúrgico ascender 60 mil sol pasar posibilidad salvar pierna disminuir asimismo médico confirmar gravedad lesión enfatizar importancia iniciar tratamiento desesperad tú familia Chambi Miranda desesperado recurrir solidaridad comunidad juliaqueño mañana ayer hermana Luzmila padre congregar Plaza Armas Juliaca pedir ayuda cadena AYUDA desear colaborar Salvador poder depósito Yape siguiente número 974581861 976170096 familia Chambi agradecer infinitamente apoyo momento difícil donación pequeño brindar esperanza acerca posibilidad Salvador volver caminar
Puno: Conductor en estado de ebriedad casi causa una tragedia en el distrito de Phara|2024/09/02|https://diariosinfronteras.com.pe/2024/09/02/puno-conductor-en-estado-de-ebriedad-casi-causa-una-tragedia-en-el-distrito-de-phara/|Un conductor en estado de ebriedad casi causa una tragedia en el distrito de Phara, Sandia cuando su camioneta estuvo a punto de caer al río en Cullucachi, generando pánico entre los vecinos. Aunque no hubo heridos, el incidente evidenció los riesgos de mezclar alcohol y conducción. Las autoridades piden mayor responsabilidad a los conductores.|conductor ebriedad causar tragedia distrito Phara Sandia camioneta punto caer río Cullucachi generar pánico vecino herido incidente evidenciar riesgo mezclar alcohol conducción autoridad pedir responsabilidad conductor
Puno: Asalto terminó en balacera en la selva puneña|2024/09/02|https://diariosinfronteras.com.pe/2024/09/02/puno-asalto-termino-en-balacera-en-la-selva-punena/|Asalto terminó en balacera en la selva puneña. Esta madrugada, un intento de asalto a mano armada al bus de la Empresa de Transportes Selva Sur Tambopata, en la vía nacional de Huacuyo, terminó en una balacera cuando dos policías vestidos de civil de la comisaría de San Juan del Oro se enfrentaron a cinco delincuentes. Los criminales, que ya habían asaltado una minivan, intentaron robar el bus, pero huyeron tras el enfrentamiento, en el que uno de ellos resultó herido. Pasajeros como William Oro Paredes destacaron que, gracias a la presencia de los policías, evitaron ser despojados de sus pertenencias. Las autoridades de Cuyocuyo y Sandia llegaron tarde al lugar para realizar las investigaciones correspondientes.|asalto terminar balacera selva puneño madrugada intento asalto mano armado bus Empresa Transportes Selva Sur Tambopata vía nacional Huacuyo terminar balacera policía vestido civil comisaría San Juan Oro enfrentar delincuente criminal asaltar minivan intentar robar bus huir enfrentamiento resultar herido pasajero William Oro Paredes destacar gracias presencia policía evitar despojar pertenencia autoridad Cuyocuyo Sandia llegar lugar investigación correspondiente
Puno: Contraloría alerta supuesto «faenón» en obra vial de Chanu Chanu|2024/09/02|https://diariosinfronteras.com.pe/2024/09/02/puno-contraloria-alerta-supuesto-faenon-en-obra-vial-de-chanu-chanu/|Puno. La Contraloría General detectó deficiencias en la ejecución del proyecto de mejoramiento del servicio vial en las urbanizaciones Villa del Lago y Chanu Chanu I y III etapa de la ciudad de Puno. Esta obra, con un presupuesto de S/ 5 210,447, presenta riesgos para la seguridad de los trabajadores y la población en general. En el Informe de Control Concurrente N° 019-2024-OCI/0463-SCC se evidenció que el contratista y el supervisor de la obra habrían incumplido las normas básicas de seguridad y calidad. Entre las principales irregularidades identificadas se encuentran: Asignación de personal del plantel supervisor que desconoce su participación durante la ejecución de la obra, así como el vínculo con el contratista, lo que afecta la dirección técnica de la obra según la especialidad. Participación simultánea de personal clave del contratista ejecutor como funcionario en otra entidad, situación que perjudica la dirección técnica de la obra. Tanto el contratista como el supervisor cuentan con personal clave que no cumple con los requisitos establecidos por los colegios profesionales correspondientes. La falta de señalización adecuada en la zona de obra expone al peligro a los usuarios de las vías y a los vecinos. Un gran número de trabajadores carece de los equipos de protección personal necesarios. Por ejemplo, se observó a obreros trabajando sin cascos, guantes o chalecos reflectantes, lo que los expone a riesgos de accidentes laborales. Estas irregularidades podrían generar el incumplimiento contractual y la aplicación de penalidades a los responsables. La Contraloría General recomendó tomar las medidas correctivas necesarias para garantizar la seguridad de los trabajadores y la calidad de la obra. Para obtener más información, los interesados pueden consultar los informes disponibles en el buscador de informes disponible en el enlace disponible https://www.gob.pe/contraloria.|Puno Contraloría General detectar deficiencia ejecución proyecto mejoramiento servicio vial urbanización Villa Lago Chanu Chanu I III etapa ciudad Puno obra presupuesto S/ 5 210.447 presentar riesgo seguridad trabajador población general Informe Control Concurrente N ° 019-2024-oci/0463-scc evidenciar contratista supervisor obra haber incumplir norma básico seguridad calidad principal irregularidad identificado encontrar asignación personal plantel supervisor desconocer participación ejecución obra vínculo contratista afectar dirección técnico obra especialidad Participación simultáneo personal clave contratista ejecutor funcionario entidad situación perjudicar dirección técnico obra contratista supervisor contar personal clave cumplir requisito establecido colegio profesional correspondiente falta señalización adecuado zona obra exponer peligro usuario vía vecino número trabajador carecer equipo protección personal necesario ejemplo observar obrero trabajar casco guant chaleco reflectant exponer riesgo accidente laboral irregularidad generar incumplimiento contractual aplicación penalidad responsable Contraloría General recomendar tomar medida correctivo necesario garantizar seguridad trabajador calidad obra obtener información interesado consultar informe disponible buscador informe disponible enlace disponible https://www.gob.pe/contralorio
Puno: Detienen a chofer de camión por muerte de motociclista|2024/09/02|https://diariosinfronteras.com.pe/2024/09/02/puno-detienen-a-chofer-de-camion-por-muerte-de-motociclista/|Detienen a chofer de camión por muerte de motociclista. Detienen a chofer de camión por muerte de motociclista. Un accidente de tránsito en el kilómetro 73+800 de la carretera interoceánica, en Villa Chictani, Asillo, dejó un fallecido y daños materiales tras la colisión entre un camión cisterna y una motocicleta el 1 de septiembre de 2024. El motociclista Pedro Quispe Mamani, de 67 años, murió en el acto. El conductor del camión, Carlos Alberto Ventura Córdova, fue detenido por presunto homicidio culposo y trasladado a la Comisaría PNP Asillo para investigaciones. Las autoridades continúan las indagaciones para esclarecer las causas del accidente.|detener chofer camión muerte motociclista detener chofer camión muerte motociclista accidente tránsito kilómetro 73 + 800 carretera interoceánico Villa Chictani Asillo fallecido daño material colisión camión cisterna motocicleta 1 septiembre 2024 motociclista Pedro Quispe Mamani 67 año morir acto conductor camión Carlos Alberto Ventura Córdova detener presunto homicidio culposo trasladar Comisaría PNP Asillo investigación autoridad continuar indagación esclarecer causa accidente
Puno: Revocatorias están al ‘rojo vivo’ en la región|2024/09/02|https://diariosinfronteras.com.pe/2024/09/02/puno-revocatorias-estan-al-rojo-vivo-en-la-region/|Revocatorias están al 'rojo vivo' en la región El alcalde distrital de San José incumplió con promesas electorales, no habiendo obras en las comunidades, motivo por el cual la población exije su destitución. El fin de semana el comité de revocatoria en contra del alcalde distrital de San José, Bielsin Rodolfo Cajma Marrón y sus regidores, instalaron su stand para el recojo de firmas, en el proceso de revocatoria de autoridades regionales y municipales, con miras a la consulta popular de revocatoria 2025. Durante la jornada decenas de ciudadanos se apersonaron y rubricaron, de esta forma respaldaron al sustento del comité, quien aseguró que la autoridad incumplió con promesas electorales; entonces, no habría obras en las comunidades. Fabián Choquemamani, promotor de esta iniciativa, indicó que continúan recolectando firmas, trasladándose a diferentes puntos del distrito. Con esta acción, según declaró, no se vulnera las leyes, por el contrario, es el derecho de cada ciudadano.|Revocatorias rojo vivo región alcalde distrital San José incumplir promesa electoral haber obra comunidad motivo población exijir destitución semana comité revocatoria alcalde distrital San José Bielsin Rodolfo Cajma Marrón regidor instalar stand recojo firma proceso revocatoria autoridad regional municipal miras consulta popular revocatoria 2025 jornada decena ciudadano apersonar rubricar forma respaldar sustento comité autoridad incumplir promesa electoral haber obra comunidad Fabián Choquemamani promotor iniciativa continuar recolectar firma trasladar él punto distrito acción declarar vulnerar ley contrario derecho ciudadano
Puno: Pestañeo regó de sangre la vía Arequipa -Juliaca|2024/09/02|https://diariosinfronteras.com.pe/2024/09/02/puno-pestaneo-rego-de-sangre-la-via-arequipa-juliaca/|Pestañeo regó de sangre la vía Arequipa -Juliaca La excesiva velocidad y, al parecer, el cansancio provocaron un triple choque que cobró la vida de al menos tres personas y una veintena de pasajeros heridos, tres de ellos de consideración. El fatal accidente se produjo ayer a las 08:31 horas, a la altura del kilómetro 170 de la Carretera Arequipa – Puno, en una zona de pampa donde los vehículos circulan a gran velocidad. Los protagonistas del fatal desenlace fueron el camión de baranda de placa W5X-809 marca Hino, cuyo conductor se habría quedado dormido, la miniván Mercedes Benz de la empresa “La Joya” de placa T8T-961, y el camión Frightliner 114-SD de matrícula VBL-863 que trasladaba mineral en su tolva metálica. Este último vehículo pesado grabó el preciso momento en que la unidad de pasajeros que cubría la ruta Arequipa – Juliaca, invadió el carril y se estrelló irremediablemente. VIDEO CRUCIAL El video que luego circuló en las redes sociales muestra que en efecto, el camión que iba por delante hizo un giro lento hacia su izquierda, como queriendo ingresar estacionarse al lado opuesto, y en ese instante, aparece la miniván que iba en sentido contrario entregándose al cisterna que venía al frente. Un santiamén antes, trató de esquivar al tráiler, impactando a la tolva del camioncito, quizás buscando evitar la colisión. “Un accidente, super (supervisor) ¡Una miniván se ha empotrado a mi carrooo!”, se oye reportar al chofer del cisterna, cuya unidad lo había grabado todo. ¿Qué ha pasado, Freddy, Freddy, me copias, Freddy? «Super, super, soy Luis Condori, posición 8, venga usted acá…», comunicaba el accidente a la empresa de comunidad campesina Chilloroya (Cusco). Sus tráilers encapsulados transportan concentrado de mineral. CHOQUE FATAL Imágenes a las que accedimos, dan cuenta que producido el choque frontal, se vivieron momentos dramáticos. Al momento, un pasajero que iba en la parte delantera de la miniván había perecido en el acto, una mujer fue rescatada de la segunda fila con serias lesiones y el chofer todavía agonizaba. Personas que circulaban en la ruta auxiliaron a los heridos graves. Unos evacuaron a los heridos con multicontusiones y lesiones a la posta médica de Imata; y otros trataban de rescatar a quienes estaban atrapados entre los fierros retorcidos, para luego evacuarlos de emergencia. De acuerdo al reporte policial, dos mujeres y un varón no identificados, llegaron sin signos vitales. Este último era Aderly Sulca Chávez (25), conductor de la miniván Mercedes Benz, natural de Juliaca. Por la magnitud del impacto, la cabina se redujo a un amasijo y el chofer quedó aprisionado. En vano trataron de liberarlo, el timón y tablero, lo habían aplastado con la fuerza del motor que recorrió más de un metro hacia atrás. CINCO MUY GRAVES Fuentes policiales dijeron a este medio que de todos los auxiliados, había al menos cinco heridos graves que presentaban TEC y fracturas, y estaban internados en el Hospital Honorio Delgado y la Clínica San Pablo. Dos de ellos estaban en UCI con pronóstico reservado. CHOFERES ILESOS De acuerdo a las imágenes, Alfredo Huamán Barragán (48) quien conducía el camión Hino, habría pestañeado. Tras el choque mortal, su unidad se estacionó a unos 70 metros del impacto. Al igual que él, Luis Alberto Condori Quispe (44), que piloteaba el tráiler con minerales, resultó ileso, con algunas magulladuras. Media docena de pasajeros de la miniván no presentaron lesiones serias. DETENIDOS Los dos conductores quedaron en calidad de detenidos mientras duren las investigaciones y afrontarán cargos por homicidio culposo. Las autoridades policiales exhortan a los choferes a no exceder límites de velocidad.|Pestañeo regar sangre vía Arequipa -Juliaca excesivo velocidad parecer cansancio provocar triple choque cobrar vida persona veintena pasajero herido consideración fatal accidente producir ayer 08:31 hora altura kilómetro 170 Carretera Arequipa Puno zona pampa vehículo circular velocidad protagonista fatal desenlace camión baranda placa w5x-809 marca Hino cuyo conductor haber quedar dormido miniván Mercedes Benz empresa Joya placa t8t-961 camión Frightliner 114-sd matrícula vbl-863 trasladar mineral tolva metálico vehículo pesado grabar preciso momento unidad pasajero cubrir ruta Arequipa Juliaca invadir carril estrellar irremediablemente VIDEO CRUCIAL video circular red social mostrar efecto camión ir giro lento izquierda querer ingresar estacionar él opuesto instante aparecer miniván ir sentido contrario entregar él cisterna venir frente santiamén tratar esquivar tráiler impactar tolva camioncito buscar evitar colisión accidente super supervisor miniván empotrar carrooo oir reportar chofer cisterna cuyo unidad grabar Freddy Freddy copiar Freddy Super super Luis Condori posición 8 venir acá comunicar accidente empresa comunidad campesino Chilloroya Cusco tráilers encapsulado transportir concentrado mineral choque FATAL imagen accedimos producir choque frontal vivir momento dramático momento pasajero ir delantero miniván perecer acto mujer rescatar fila serio lesión chofer agonizar persona circular ruta auxiliar herido grave evacuar herido multicontusión lesión posta médico Imata tratar rescatar atrapado fierro retorcido evacuar él emergencia reporte policial mujer varón identificado llegar signo vital Aderly Sulca Chávez 25 conductor miniván Mercedes Benz natural Juliaca magnitud impacto cabina reducir amasijo chofer aprisionado vano tratar liberar él timón tablero aplastar fuerza motor recorrer metro atrás grave fuente policial auxiliado herido grave presentar TEC fractura internado Hospital Honorio Delgado Clínica San Pablo UCI pronóstico reservado chofer ilesos imagen Alfredo Huamán Barragán 48 conducir camión Hino haber pestañear choque mortal unidad estacionar 70 metro impacto Luis Alberto Condori Quispe 44 pilotear tráiler mineral resultar ileso magulladura medio docena pasajero miniván presentar lesión serio detener conductor quedar calidad detenido durar investigación afrontar cargo homicidio culposo autoridad policial exhortan chofer exceder límite velocidad
Puno: Vecinos de la urbanización San Santiago encontraron un cadáver en la vía|2024/09/01|https://diariosinfronteras.com.pe/2024/09/01/puno-vecinos-de-la-urbanizacion-san-santiago-encontraron-un-cadaver-en-la-via/|Puno: Vecinos de la urbanización San Santiago encontraron un cadáver en la vía Juliaca. ¡Muerte en la vía! La mañana de ayer vecinos de la urbanización San Santiago, de la ciudad de Juliaca, alertaron a las autoridades sobre el hallazgo de un cadáver de un hombre en plena vía pública. Ante esta situación, los agentes de Serenazgo de la Municipalidad de Juliaca acudieron al lugar y confirmaron el reporte. HALLAZGO El cuerpo fue encontrado en la intersección de los jirones Mamá Ocllo con América, a pocos metros del puente San Jacinto sobre el río Torococha. VERSIONES ENCONTRADAS Sobre este caso, los vecinos ofrecieron diferentes versiones sobre lo ocurrido. Algunos aseguraron que el fallecido, quien aparentaba estar bajo los efectos del alcohol, habría sufrido una fatal caída. Sin embargo, otros habitantes de la zona sostenían que el cuerpo fue arrojado desde un vehículo menor. Una vecina, incluso, afirmó que los restos no se encontraban en el lugar antes de las 5:30 de la mañana. INVESTIGACIÓN Y NECROPSIA Para esclarecer las causas de la muerte, los agentes de la Policía de la Comisaría Juliaca iniciaron las investigaciones correspondientes junto al Ministerio Público. La víctima, cuya edad se estima entre 35 y 40 años, vestía una chompa negra, una polera ploma, un buzo negro y zapatillas del mismo color. Según peritajes preliminares, el deceso habría ocurrido entre 3 y 4 horas antes del hallazgo. Asimismo, la identidad del fallecido aún se desconoce, ya que las diligencias en la morgue de Medicina Legal de Juliaca, continuaban al cierre de esta edición. Los resultados de la necropsia serán fundamentales para determinar si se trató de un accidente, un homicidio o otra causa.|Puno Vecinos urbanización San Santiago encontrar cadáver vía Juliaca Muerte vía mañana ayer vecino urbanización San Santiago ciudad Juliaca alertar autoridad hallazgo cadáver hombre pleno vía público situación agente Serenazgo Municipalidad Juliaca acudir lugar confirmar reporte hallazgo cuerpo encontrar intersección jirón Mamá Ocllo América metro puente San Jacinto río Torococha VERSIONES ENCONTRADAS caso vecino ofrecer versión ocurrido asegurar fallecido aparentar efecto alcohol haber sufrir fatal caída habitante zona sostener cuerpo arrojar vehículo menor vecina resto encontrar lugar 5:30 mañana investigación NECROPSIA esclarecer causa muerte agente Policía Comisaría Juliaca iniciar investigación correspondiente Ministerio Público víctima cuyo edad estimar 35 40 año vestir chompa negro polera ploma buzo negro zapatilla color peritaj preliminar deceso haber ocurrir 3 4 hora hallazgo asimismo identidad fallecido desconocer diligencia morgue Medicina Legal Juliaca continuar cierre edición resultado necropsia fundamental determinar tratar accidente homicidio causa
Puno: Conductor en aparente estado de ebriedad ocasionó choque |2024/08/31|https://diariosinfronteras.com.pe/2024/08/31/puno-conductor-en-aparente-estado-de-ebriedad-ocasiono-choque/|Un accidente de tránsito ocurrió la madrugada de hoy en la avenida El Ejército con el jirón Belizario Suárez en la ciudad de Puno, donde una camioneta con placa de rodaje A5I-890 chocó por alcance con la parte posterior de otra camioneta de matrícula VDH-933. La colisión provocó daños materiales en ambos vehículos. Según testigos, el conductor del vehículo que chocó por atrás habría estado ebrio. Los vecinos denunciaron que solo personal de serenazgo llegó al lugar y por horas esperaron a la policía que no llegaba a la escena.|accidente tránsito ocurrir madrugada avenida Ejército jirón Belizario Suárez ciudad Puno camioneta placa rodaje A5I-890 chocar alcance posterior camioneta matrícula VDH-933 colisión provocar daño material vehículo testigo conductor vehículo chocar atrás haber ebrio vecino denunciar personal serenazgo lugar hora esperar policía llegar escena
Puno: Condenan a 5 años de cárcel a mineros ilegales que contaminan la Cuenca del Ramis|2024/08/30|https://diariosinfronteras.com.pe/2024/08/30/puno-condenan-a-5-anos-de-carcel-a-mineros-ilegales-que-contaminan-la-cuenca-del-ramis/|Mineros ilegales contaminan la Cuenca del Ramis. La Segunda Fiscalía Provincial Especializada en Materia Ambiental, consiguió que se dicte sentencia de 05 años de pena privativa de libertad con carácter de efectiva en contra de René Ochochoque Mamani, como autor del delito de contaminación del medio ambiente agravada por contaminación del rio Ramis producto de actividades de la minería Ilegal. Por su parte el representante del Ministerio Público, dio a conocer que estas actividades ilícitas son de carácter penal, además se sabe que el autor del delito, en su condición de dirigente de la comunidad de Anccoccala, organizó a otros comuneros para realizar actividades relacionadas a la minería ilegal, ocasionando destrucciones de la pradera Alto Andina del rio Ramis. Asimismo, se generó vertimientos de sólidos en suspensión que a su vez ocasionaron gran parte de la contaminación del rio, acciones irregulares que fueron valoradas por el Juzgado Penal Colegiado de San Román, para emitir la pena correspondiente.|Mineros ilegal contaminar Cuenca Ramis Fiscalía Provincial especializado Materia Ambiental conseguir dictar sentencia 05 año pena privativo libertad carácter efectivo René Ochochoque Mamani autor delito contaminación ambiente agravado contaminación rio Ramis producto actividad minería ilegal representante Ministerio Público actividad ilícito carácter penal autor delito condición dirigente comunidad Anccoccala organizar comunero actividad relacionado minería ilegal ocasionar destrucción pradera Alto Andina rio Ramis asimismo generar vertimiento sólido suspensión ocasionar contaminación rio acción irregular valorar Juzgado Penal Colegiado San Román emitir pena correspondiente
Puno: PJ sentencia a 7 años de cárcel a chofer ebrio que mató a 3 personas en el 2021|2024/08/29|https://diariosinfronteras.com.pe/2024/08/29/puno-pj-sentencia-a-7-anos-de-carcel-a-chofer-ebrio-que-mato-a-3-personas-en-el-2021/|Puno: PJ sentencia a 7 años de cárcel a chofer ebrio que mató a 3 personas en el 2021 La Sala Penal de Apelaciones de la Corte Superior de Justicia de Puno condenó a 7 años de cárcel efectiva a Emerson Mena Condori (25), por el delito de homicidio culposo. El sentenciado ocasionó un trágico accidente de tránsito el 13 de octubre del año 2021, en la curva del barrio Huáscar de la ciudad de Puno donde murieron 2 de sus amigos, Liliana Chambilla Aduviri (21) y Edy Calderón Candia (28) que iban con él en su vehículo y, además, aplastó a un peatón qué era el trabajador del INPE, Dante Apaza Apaza (30). Esta medida fue establecida a través de una revocatoria de pena, por ello, los jueces superiores ordenaron la captura del sentenciado que estaría no habido.|Puno PJ sentenciar 7 año cárcel chofer ebrio matar 3 persona 2021 Sala Penal Apelaciones Corte Superior Justicia Puno condenar 7 año cárcel efectivo Emerson Mena Condori 25 delito homicidio culposo sentenciado ocasionar trágico accidente tránsito 13 octubre año 2021 curva barrio Huáscar ciudad Puno morir 2 amigo Liliana Chambilla Aduviri 21 Edy Calderón Candia 28 ir vehículo aplastar peatón trabajador INPE Dante Apaza Apaza 30 medida establecer revocatoria pena juez superior ordenar captura sentenciado estar habido
Puno: Joven pierde la vida luego de ser arrollado y el responsable todavía no es identificado|2024/08/29|https://diariosinfronteras.com.pe/2024/08/29/puno-joven-pierde-la-vida-luego-de-ser-arrollado-y-el-responsable-todavia-no-es-identificado/|Puno Joven pierde la vida luego de ser arrollado y el responsable todavía no es identificado Juliaca. Un trágico accidente de tránsito ocurrió en la salida a Puno, donde un infortunado varón perdió la vida luego de haber sido arrollado por un vehículo, cuyo conductor irresponsablemente se dio a la fuga con rumbo desconocido. El joven de aproximadamente 19 años de edad, posteriormente fue identificado como Yeferson Alex Sancho Sancho, el mismo que en un inicio resultó gravemente herido al ser atropellado por un vehículo que se dio a la fuga en el óvalo de la salida a Puno, cerca de la Universidad Andina. Los incidentes ocurrieron la noche del pasado martes, los serenos de la agencia municipal Néstor Cáceres Velásquez acudieron al lugar del accidente y encontraron al joven tendido en la vía. El vehículo involucrado había abandonado la escena; asimismo, los miembros del orden lo auxiliaron de inmediato al joven; el mismo que se quejaba de fuertes dolores en la cabeza y en la columna vertebral. El herido de inmediato fue trasladado al servicio de emergencia del hospital Carlos Monge Medrano, donde ingresó para ser atendido por los especialistas, desafortunadamente, dos horas después, los médicos informaron que había fallecido. Personal de la policía especializada viene indagando para dar con el paradero de los responsables de este hecho.|Puno Joven perder vida arrollar responsable identificar Juliaca trágico accidente tránsito ocurrir salida Puno infortunado varón perder vida arrollar vehículo cuyo conductor irresponsablemente fuga rumbo desconocido joven 19 año edad posteriormente identificar Yeferson Alex Sancho Sancho inicio resultar gravemente herido atropellar vehículo fuga óvalo salida Puno cerca Universidad Andina incidente ocurrir noche martes sereno agencia municipal Néstor Cáceres Velásquez acudir lugar accidente encontrar joven tendido vía vehículo involucrado abandonar escena asimismo miembro orden auxiliar inmediato joven quejar fuerte dolor cabeza columna vertebral herido inmediato trasladar servicio emergencia hospital Carlos Monge Medrano ingresar atender especialista desafortunadamente hora médico informar fallecer Personal policía especializado venir indagar paradero responsable
Puno: Revocatoria en Melgar contra sus autoridades|2024/08/28|https://diariosinfronteras.com.pe/2024/08/28/puno-revocatoria-en-melgar-contra-sus-autoridades/|Desde hoy juntarán firmas en todos los distritos de la provincia melgarina. Ayer se dio inicio a la recolección de firmas para solicitar la vacancia del alcalde de Ayaviri, Rosell Nilver Mamani Hancco, y de los regidores del municipio. Esta acción se realiza luego de que el Jurado Nacional de Elecciones, mediante la Resolución N° 000829-2024, autorizara oficialmente el proceso. Según el promotor Julio López Choquepata, para que la solicitud sea aceptada, se necesita recolectar el 25% de las firmas de la población de Ayaviri, lo que equivale a 14 mil 061 firmas. Desde hoy, las actividades de recolección han comenzado en diversos distritos de la provincia, con el apoyo de la Asociación de Jóvenes de Ayaviri, la Junta Administrativa de Servicio y Saneamiento (JASS) Melgar, la Asociación de Transportistas y otros Los motivos para solicitar la revocatoria incluyen el incumplimiento de promesas de campaña, la deficiente gestión municipal, la incapacidad de gestión del alcalde, la falta de fiscalización efectiva por parte de los regidores, la falta de proyectos de envergadura en áreas críticas como agua y saneamiento, medio ambiente y desarrollo agropecuario, entre otros motivos.|juntacer firma distrito provincia melgarín ayer inicio recolección firma solicitar vacancia alcalde Ayaviri Rosell Nilver Mamani Hancco regidor municipio acción realizar Jurado Nacional Elecciones Resolución N ° 000829-2024 autorizar oficialmente proceso promotor Julio López Choquepata solicitud aceptar necesitar recolectar 25% firma población Ayaviri equivaler 14 mil 061 firma actividad recolección comenzar diverso distrito provincia apoyo Asociación Jóvenes Ayaviri Junta Administrativa Servicio Saneamiento JASS Melgar Asociación Transportistas motivo solicitar revocatoria incluir incumplimiento promesa campaña deficiente gestión municipal incapacidad gestión alcalde falta fiscalización efectivo regidor falta proyecto envergadura área crítico agua saneamiento ambiente desarrollo agropecuario motivo
Puno: Una cúster embistió a un hombre en bicicleta|2024/08/28|https://diariosinfronteras.com.pe/2024/08/28/puno-una-custer-embistio-a-un-hombre-en-bicicleta/|Una cúster embistió a un hombre en bicicleta Un aparatoso accidente se registró ayer por la mañana en los jirones Serafín Firpo y Sandia, frente al colegio Las Mercedes, donde la cúster de la empresa «Peruanidad», línea 27 y placa V1C-732, impactó contra un ciclista que circulaba por la zona. La fuerza del choque dejó al hombre tendido en la vía, con la llanta delantera de la bicicleta doblada. Asimismo, al lugar arribó el personal de Serenazgo, quienes brindaron los primeros auxilios al herido y lo trasladaron de emergencia al hospital para descartar cualquier lesión grave.|cúster embisteír hombre bicicleta aparatoso accidente registrar ayer mañana jirón Serafín Firpo Sandia frente colegio Mercedes cúster empresa Peruanidad línea 27 placa v1c-732 impactar ciclista circular zona fuerza choque hombre tendido vía llanta delantero bicicleta doblado asimismo lugar arribar personal Serenazgo brindar auxilio herido trasladar emergencia hospital descartar lesión grave
Puno: Le cae un muro y sobrevive de milagro|2024/08/28|https://diariosinfronteras.com.pe/2024/08/28/puno-le-cae-un-muro-y-sobrevive-de-milagro/|Le cae un muro y sobrevive de milagro Un muro de material noble cayó sobre un escolar dejándolo herido de gravedad, las causas del terrible accidente son investigadas por las autoridades. LE CAYÓ ENCIMA El hecho ocurrió al promediar el mediodía en los exteriores de la Institución Educativa Primaria de Aplicación del Pedagógico N° 0808 en el centro poblado de Salcedo, un menor que caminaba por la vereda fue aplastado por un muro de concreto que se derrumbó repentinamente no dándole tiempo a reaccionar para ponerse a buen recaudo. Según señalaron algunos testigos, una maquinaria pesada que trabajaba en el interior de la institución chocó con el muro, causando que se cayera una parte sobre la calle aplastando al escolar, algunas madres de familia y testigos socorrieron al menor, quien sufrió graves lesiones. DEMORÓ LA AYUDA Tras insistentes llamadas a los bomberos, la Policía, Serenazgo y el SAMU, nadie acudía, finalmente fue una ambulancia de EsSalud que llegó al lugar para trasladar al herido al hospital para ser atendido de urgencia. Al cierre de la edición la condición del menor era de pronóstico reservado.|caer muro sobrevive milagro muro material noble caer escolar dejar él herido gravedad causa terrible accidente investigar autoridad CAYÓ ocurrir promediar mediodía exterior Institución Educativa Primaria Aplicación Pedagógico N ° 0808 centro poblado Salcedo menor caminar vereda aplastar muro concreto derrumbar repentinamente dar él tiempo reaccionar poner él recaudo señalar testigo maquinaria pesado trabajar interior institución chocar muro causar caer calle aplastar escolar madre familia testigo socorreír menor sufrir grave lesión DEMORÓ ayuda insistente llamado bombero Policía Serenazgo SAMU acudir finalmente ambulancia EsSalud lugar trasladar herido hospital atender urgencia cierre edición condición menor pronóstico reservado
Puno: Chofer ebrio se choca en su camioneta con cisterna de la municipalidad|2024/08/28|https://diariosinfronteras.com.pe/2024/08/28/puno-chofer-ebrio-se-choca-en-su-camioneta-con-cisterna-de-la-municipalidad/|Chofer ebrio se choca en su camioneta con cisterna de la Municipalidad de Puno. Esta madrugada, una camioneta marca Toyota, modelo Rav 4, de color rojo de placa de rodaje AKO-258, chocó contra un camión cisterna de la Municipalidad de Puno de matrícula EGK-189, el moderno vehículo quedó destrozado en la parte delantera. El hecho ocurrió en el cruce de la avenida El Ejército y el Jirón Dante Nava. Según informó Serenazgo, el conductor del moderno vehículo se encontraba en presunto estado de ebriedad y habría tratado de fugar de la escena. Al interior de la camioneta hallaron una caja de cerveza. Dos heridos habrían sido llevados al Hospital Regional de Puno.|Chofer ebrio chocar camioneta cisterna Municipalidad Puno madrugada camioneta marca Toyota modelo Rav 4 color rojo placa rodaje AKO-258 chocar camión cisterna Municipalidad Puno matrícula egk-189 moderno vehículo destrozado delantero ocurrir cruce avenida Ejército Jirón Dante Nava Serenazgo conductor moderno vehículo encontrar presunto ebriedad haber tratar fugar escena interior camioneta hallar caja cerveza herido haber llevar Hospital Regional Puno
Puno: Motociclista muere en trágico choque|2024/08/27|https://diariosinfronteras.com.pe/2024/08/27/puno-motociclista-muere-en-tragico-choque/|Motociclista muere en trágico choque Trágica muerte encontró un motociclista luego de colisionar de manera frontal contra una camioneta a la altura del kilómetro 4 de la carretera Puno-Ilave. El lamentable accidente de tránsito ocurrió en horas de la tarde de ayer en el límite entre el centro poblado de Salcedo con el centro poblado de Jayllihuaya, en la ciudad de Puno. Según se conoció, la camioneta marca Toyota de placa VAD-906, ingresaba a la ciudad de Puno mientras que la motocicleta de matrícula 22-73-AZ, se dirigía a Jayllihuaya, y habría intentado sobrepasar a gran velocidad. La nave quedó a un costado de la pista, en el sentido contrario. Producto del impacto, el conductor de la unidad menor sufrió múltiples golpes y fracturas en la cabeza y diferentes partes del cuerpo, dejando de existir a un costado de la carretera. Su motocicleta quedó destrozada a unos 3 metros de donde fue a parar el piloto, agonizando. Al lugar se constituyeron los efectivos de la Policía Nacional del Perú y agentes de Serenazgo Municipal. Minutos después también llegó a la zona el representante del Ministerio Público a fin de realizar las diligencias de identificación y levantamiento del cadáver. El motociclista fue identificado como Víctor Mamani Ticona. Los restos del infortunado fueron internados en la morgue. Por disposición del fiscal de turno la camioneta y la motocicleta fueron trasladadas a la dependencia policial para proseguir con las diligencias.|Motociclista morir trágico choque Trágica muerte encontrar motociclista colisionar frontal camioneta altura kilómetro 4 carretera Puno-Ilave lamentable accidente tránsito ocurrir horas ayer límite centro poblado Salcedo centro poblado Jayllihuaya ciudad Puno conocer camioneta marco Toyota placa VAD-906 ingresar ciudad Puno motocicleta matrícula 22-73-az dirigir Jayllihuaya haber intentar sobrepasar velocidad nave costado pista sentido contrario producto impacto conductor unidad menor sufrir múltiple golpe fractura cabeza parte cuerpo dejar existir costado carretera motocicleta destrozado 3 metro parar piloto agonizar lugar constituir efectivo Policía Nacional Perú agente Serenazgo Municipal minuto zona representante Ministerio Público diligencia identificación levantamiento cadáver motociclista identificar Víctor Mamani Ticona resto infortunado internar morgue disposición fiscal turno camioneta motocicleta trasladar dependencia policial proseguir diligencia
Puno: Ratifican rechazo a posible arribo de Dina Boluarte|2024/08/26|https://diariosinfronteras.com.pe/2024/08/26/puno-ratifican-rechazo-a-posible-arribo-de-dina-boluarte/|Ratifican rechazo a posible arribo de Dina Boluarte A días del anunciado inicio del Megaproyecto Integral de Agua y Desagüe para los distritos de Juliaca y San Miguel en la provincia de San Román, gran parte de la población continúa mostrando su rechazo al posible arribo de la presidenta Dina Boluarte quien participaría en la colocación de la primera piedra de este megaproyecto. Al respecto, el presidente de la Organización Nacional de Mártires y Víctimas, Raúl Samillán, manifestó que los deudos de los fallecidos en inmediaciones del aeropuerto Manco Cápac y otros puntos de la ciudad de Juliaca permanecen atentos a que la mandataria pise suelo puneño. «Hemos tenido una reunión conjuntamente entre los familiares de los fallecidos, todos estamos atentos a su llegada, si llega vamos a recibirla como se merece por todos los muertos durante las protestas en contra de su gobierno (…)», manifestó. En ese sentido, advirtió que el miércoles se reunirán en el lugar donde se efectuará la colocación de la primera piedra. «Nos movilizaremos en contra de su llegada a la región (…), ha causado tanto llanto por eso estamos en contra (…)», manifestó. PROTESTAS Cabe precisar que los dirigentes del comité de lucha de la provincia de San Román también rechazaron esta posibilidad del arribo de la mandataria por lo que anunciaron una movilización de las 13 provincias para el 28 de agosto. Además, manifestaron que expulsarán a la mandataria del territorio puneño. Voceros de la municipalidad juliaqueña dijeron a este medio que la mandataria no llegaría, sin embargo la Policía y Prefectura mantienen hermetismo. Al parecer, su arribo se daría de todas maneras.|ratificar rechazo arribo Dina Boluarte anunciado inicio Megaproyecto Integral Agua Desagüe distrito Juliaca San Miguel provincia San Román población continuar mostrar rechazo arribo presidenta Dina Boluarte participar colocación piedra megaproyecto presidente Organización Nacional Mártires Víctimas Raúl Samillán deudo fallecido inmediación aeropuerto Manco Cápac punto ciudad Juliaca permanecer atento mandataria pise suelo puneño reunión conjuntamente familiar fallecido atento llegada llegar recibir él merecer muerto protesta gobierno sentido advertir miércoles reunir lugar efectuar colocación piedra movilizar llegada región causar llanto PROTESTAS caber precisar dirigente comité lucha provincia San Román rechazar posibilidad arribo mandataria anunciar movilización 13 provincia 28 agosto manifestar expulsar mandataria territorio puneño vocero municipalidad juliaqueño mandataria llegar Policía Prefectura mantener hermetismo parecer arribo dar manera
Puno: Irregularidades en obra de más de S/ 6 millones|2024/08/26|https://diariosinfronteras.com.pe/2024/08/26/puno-irregularidades-en-obra-de-mas-de-s-6-millones/|Irregularidades en obra de más de S/ 6 millones El pasado 3 de abril del año en curso, entre bombos y platillos la Municipalidad Provincial de San Román anunció el inicio de la obra «Mejoramiento del servicio de movilidad urbana de los jirones y pasajes de la urbanización Espinal y anexo Los Choferes del distrito de Juliaca, provincia de San Román, departamento de Puno», el cual según la Contraloría General de la República, a través de su informe N° 029-2024-OCI/0465-SCC, presentaría serias irregularidades. Según el informe, el municipio de San Román suscribió el contrato de ejecución obras N.° 001-2024-MPSR-J, de 4 de marzo de 2024, con la empresa Constructora y Servicios C & C S.R.L., para la ejecución de la obra, por el monto de S/ 6 176 749,72 y el plazo de ejecución de 195 días calendario, debería de concluir el 17 de octubre de 2024 . Además, detalla que la ejecución se ejecuta bajo la modalidad de administración indirecta (contrata) y sistema de contratación a precios unitarios; acreditándose como residente de obra al ingeniero civil Víctor Hugo Chávez Perea. El 15 de mayo la obra quedó suspendida por irregularidades, posteriormente, se reinició el 24 de junio. IRREGULARIDADES Dentro de las irregularidades halladas por la Contraloría durante el periodo de evaluación del 25 de julio al 2 de agosto, detalla que se encontró el retraso en la Ejecución de la Obra, conforme a lo establecido en la programación de obra – Diagrama GANT, situación que genera el riesgo de posibles ampliaciones de plazo y pago de mayores costos indirectos en perjuicio del uso eficiente de los recursos del Estado, además de postergar su culminación y funcionamiento. Además, la ausencia de personal clave por parte del contratista y eso podría generar pagos indebidos por prestaciones no efectuadas y afectar la adecuada ejecución de la obra; situación que además es susceptible de aplicación de penalidad. También se encontró deficiencias técnicas en el proceso constructivo: Ejecución de la partida conformación de capa de mejoramiento con material de préstamo (OVER) de dimensiones superiores a la establecida en el expediente técnico, genera el riesgo de afectación en la calidad de la obra. Además de, inapropiadas condiciones de seguridad y señalización en obra podrían ocasionar accidentes a trabajadores y ciudadanos que transitan por la zona.|irregularidad obra S/ 6 millón 3 abril año curso bombo platillo Municipalidad Provincial San Román anunciar inicio obra Mejoramiento servicio movilidad urbano jirón pasaje urbanización Espinal anexo Choferes distrito Juliaca provincia San Román departamento Puno Contraloría General República informe n ° 029-2024-oci/0465-scc presentar serio irregularidad informe municipio San Román suscribir contrato ejecución obra N. ° 001-2024-mpsr-j 4 marzo 2024 empresa Constructora Servicios C C S.R.L. ejecución obra monto S/ 6 176 749.72 plazo ejecución 195 calendario deber concluir 17 octubre 2024 detallar ejecución ejecutar modalidad administración indirecto contrata sistema contratación precio unitario acreditar él residente obra ingeniero civil Víctor Hugo Chávez Perea 15 mayo obra suspendido irregularidad posteriormente reiniceír 24 junio irregularidad irregularidad hallado Contraloría periodo evaluación 25 julio 2 agosto detallar encontrar retraso Ejecución Obra conforme establecido programación obra Diagrama GANT situación generar riesgo posible ampliación plazo pago mayor costo indirecto perjuicio eficiente recurso postergar culminación funcionamiento ausencia personal clave contratista generar pago indebido prestación efectuado afectar adecuado ejecución obra situación susceptible aplicación penalidad encontrar deficiencia técnico proceso constructivo Ejecución partido conformación capa mejoramiento material préstamo OVER dimensión superior establecido expediente técnico generar riesgo afectación calidad obra inapropiada condición seguridad señalización obra ocasionar accidente trabajador ciudadano transitar zona
Puno: Fuga de gas desata el terror entre los vecinos|2024/08/26|https://diariosinfronteras.com.pe/2024/08/26/puno-fuga-de-gas-desata-el-terror-entre-los-vecinos/|Fuga de gas desata el terror entre los vecinos Una deflagración ocasionada por una fuga de gas en una vivienda del barrio 8 de Octubre, en la ciudad de Puno, generó el pánico entre el vecindario. El hecho ocurrió en la segunda cuadra del pasaje Las Mercedes con el jirón Luis Rivarola. No se registraron heridos pero sí varios daños materiales en la vivienda. Según señalaron, el hecho se produjo cuando uno de los miembros de la familia intentó encender la cocina y preparar sus alimentos. Al encender el fósforo, se produjo la deflagración debido al parecer a una manguera deteriorada. El fuego se propagó rápidamente por la cocina del segundo piso de la vivienda, causando daños considerables en el interior y otras habitaciones. Fueron los vecinos que actuaron con rapidez y lograron sofocar las llamas. Una vecina, arriesgando su integridad, cubrió el balón de gas, presuntamente de origen boliviano, con una manta mojada. Los bomberos llegaron al lugar casi 50 minutos después de la emergencia causando el malestar de los vecinos que los llamaron insistentemente.|Fuga gas desatar terror vecino deflagración ocasionado fuga gas vivienda barrio 8 octubre ciudad Puno generar pánico vecindario ocurrir cuadra pasaje Mercedes jirón Luis Rivarola registrar herido daño material vivienda señalar producir miembro familia intentar encender cocina preparar alimento encender fósforo producir deflagración parecer manguera deteriorado fuego propagar rápidamente cocina piso vivienda causar daño considerable interior habitación vecino actuar rapidez lograr sofocar llama vecina arriesgar integridad cubrir balón gas presuntamente origen boliviano manta mojado bombero llegar lugar 50 minuto emergencia causar malestar vecino llamar insistentemente
Puno: Niños terminaron concurso heridos|2024/08/26|https://diariosinfronteras.com.pe/2024/08/26/puno-ninos-terminaron-concurso-heridos/|Niños terminaron concurso heridos 2 En el «Concurso Escolar de Unucajas 2024» en Azángaro, alrededor de 20 parejas de estudiantes de la Institución Educativa Primaria Señor de Huanca sufrieron quemaduras en los pies al participar descalzos en un escenario expuesto al calor extremo. A pesar de la evidente incomodidad de los niños, el evento continuó sin interrupciones, lo que ha provocado críticas hacia la organización por no tomar medidas preventivas. Fran Mamani Cuno, presidente de la Asociación de Unucajas, expresó su preocupación y señaló que la responsabilidad de la organización recayó en la Municipalidad de Azángaro y la UGEL, y que las quemaduras son graves y requerirán tiempo para sanar. “Apenas permanecían 3 a 4 minutos se divisaba a los niños tener incomodidades en sus pies a pesar que fue evidente nadie paraba el concurso, muchos se paraban encima de su bandera. Al final algunos terminaron llorando de dolor”, expresaron, indignados.|Niños terminar concurso herido 2 Concurso Escolar Unucajas 2024 Azángaro 20 pareja estudiante Institución Educativa Primaria Señor Huanca sufrir quemadura pie participar descalzo escenario expuesto calor extremo evidente incomodidad niño evento continuar interrupción provocar crítica organización tomar medida preventivo Fran Mamani Cuno presidente Asociación Unucajas preocupación responsabilidad organización recaer Municipalidad Azángaro UGEL quemadura grave requerir tiempo sanar permanecer 3 4 minuto divisar niño incomodidad pie evidente parar concurso parar bandera terminar llorar dolor expresar indignado
Puno: Cuestionan a SEDA por dejar forado en vía|2024/08/25|https://diariosinfronteras.com.pe/2024/08/25/puno-cuestionan-a-seda-por-dejar-forado-en-via/|Puno: Cuestionan a SEDA por dejar forado en vía Juliaca. Los vecinos de la segunda cuadra del jirón Raúl Porras cuestionaron duramente a la empresa SEDA Juliaca manifestando que desde hace 5 meses y en plena calle céntrica dejaron un forado que podría ocasionar un accidente de tránsito y pone en peligro a los peatones que circulan por el lugar. «Dejaron el forado desde hace meses, queremos que se concluya esta obra para luego hacer la instalación de agua (…), pero abandonaron la obra sin concluir con el cierre del forado», lamentaron. SEDA HACE CASO OMISO Además, manifestaron que en reiteradas ocasiones los vecinos acompañados del presidente se constituyeron hasta SEDA Juliaca para solicitar cierren el forado, sin embargo, los funcionarios le restarían importancia. «Varias veces hemos ido hasta SEDA Juliaca, los ingenieros Edgar y Omar nos han dado fechas tras fechas que nunca se cumplen, estamos cansados de estos funcionarios ineficientes de SEDA Juliaca (…)», cuestionaron. Asimismo lamentaron que, el forado es profundo por lo que podría registrarse un accidente pues los vehículos pasan a alta velocidad y algún transeúnte podría caer.|Puno cuestionar SEDA dejar forado vía Juliaca vecino cuadra jirón Raúl Porras cuestionar duramente empresa SEDA Juliaca manifestar 5 mes pleno calle céntrico dejar forado ocasionar accidente tránsito poner peligro peatón circular lugar dejar forado mes concluir obra instalación agua abandonar obra concluir cierre forado lamentar SEDA CASO OMISO manifestar reiterado ocasión vecino acompañado presidente constituir SEDA Juliaca solicitar cerrar forado funcionario restar importancia ir SEDA Juliaca ingeniero Edgar Omar fecha fecha cumplir cansado funcionario ineficiente SEDA Juliaca cuestionar asimismo lamentar forado profundo registrar él accidente vehículo pasar alto velocidad transeúnte caer
Puno: Balacera en La Rinconada deja un muerto y un herido|2024/08/23|https://diariosinfronteras.com.pe/2024/08/23/puno-balacera-en-la-rinconada-deja-un-muerto-y-un-herido/|Puno: Balacera en La Rinconada deja un muerto y un herido La Rinconada. La violencia vuelve a sacudir al centro poblado de La Rinconada. Uriel Casilla Turpo, de 27 años, fue identificado como la víctima mortal de una balacera ocurrida frente a la discoteca Ñustas ubicada en el Jr. Venezuela urbanización Tres de Mayo, al promediar las 6.30 de la mañana. Según el reporte policial, el incidente se desató tras una aparente discusión entre varios sujetos, lo que resultó en un intercambio de disparos en plena vía pública y a plena luz del día. Casilla Turpo fue trasladado por el personal de seguridad de una de las discotecas al Centro de Salud de La Rinconada, donde la doctora Melisa Esquivel Chumpitaz certificó su fallecimiento. El diagnóstico fue traumatismo cráneo encefálico por proyectil de arma de fuego en la cabeza. El personal que lo auxilió habría sido identificado como Fran Berríos Quispe. Además de la víctima mortal, otra persona habría resultado herida en el intercambio de disparos, la misma que fue llevada de manera particular a la ciudad de Juliaca, debido a que en el momento del incidente, el Centro de Salud se encontraba con las puertas cerradas y sin personal. La Policía Nacional del Perú y el fiscal de la Fiscalía Mixta de Ananea, Fredi Ali Condori Hancco, se hicieron presentes en el lugar para realizar las diligencias correspondientes y esclarecer los hechos; posteriormente dispusieron que el cadáver sea trasladado hasta para el examen de la necropsia de ley.|Puno Balacera Rinconada dejar muerto herido Rinconada violencia volver sacudir centro poblado Rinconada Uriel Casilla Turpo 27 año identificar víctima mortal balacera ocurrido frente discoteca Ñustas ubicado Jr Venezuela urbanización Mayo promediar 6.30 mañana reporte policial incidente desatar aparente discusión sujeto resultar intercambio disparo pleno vía público pleno luz Casilla Turpo trasladar personal seguridad discoteca Centro Salud Rinconada doctora Melisa Esquivel Chumpitaz certificar fallecimiento diagnóstico traumatismo cráneo encefálico proyectil arma fuego cabeza personal auxilió haber identificar Fran Berríos Quispe víctima mortal persona haber resultar herido intercambio disparo llevar particular ciudad Juliaca momento incidente Centro Salud encontrar puerta cerrado personal Policía Nacional Perú fiscal Fiscalía Mixta Ananea Fredi Ali Condori Hancco presente lugar diligencia correspondiente esclarecer hecho posteriormente disponer cadáver trasladar examen necropsia ley
Puno: Feliz 438 aniversario “Azángaro Tierra Prócer”.|2024/08/21|https://diariosinfronteras.com.pe/2024/08/21/puno-feliz-438-aniversario-azangaro-tierra-procer/|Feliz 438 aniversario “Azángaro Tierra Prócer”. Azángaro, es una de las provincias más grandes de la región de Puno, ubicada en la zona norte de la misma, han pasado 438 años desde aquella fecha histórica, 22 de agosto de 1586, fecha en que ha sido fundado la ciudad de Azángaro. Azángaro tuvo sus orígenes desde la antigüedad (antes de 1586) en tres lugares diferentes que se relacionan con tres épocas distintas, inicialmente se menciona del lugar denominado Makaya, que está ubicado a seis kilómetros de la ciudad actual, el segundo, se menciona en el lugar de Yanaccaca, situado a espaldas del cerro Choquechambi, aunque no existe mucha relevancia histórica sobre esta afirmación. El tercero, se considera coincidentemente con la edificación del templo “Nuestra Señora de la Asunción”, basándose en el certificado de Vasco de Contreras que describe lo siguiente “Yo don Vasco de Contreras, asistente de su Majestad, corregidor del Partido de Omasuyos, conferí y di posesión corporal a este Don, Diego Chuquihuanka del cargo de Gobernador y Cacique principal de Azángaro y a mi presencia y asistencia en este mismo día veinte y dos de agosto de mil quinientos ochenta y seis , Octava de la Asunción de la Virgen; mandó este mismo don Diego a colocar los primeros cimientos de la iglesia de este pueblo de Azángaro su costa y cargo de lo que certifico”. Reza el escrito.|Feliz 438 aniversario Azángaro Tierra Prócer Azángaro provincia región Puno ubicado zona norte 438 año fecha histórico 22 agosto 1586 fecha fundar ciudad Azángaro Azángaro origen antigüedad 1586 lugar relacionar época distinto inicialmente mencionar lugar denominado Makaya ubicado kilómetro ciudad actual mencionar lugar Yanaccaca situado espalda cerro Choquechambi relevancia histórico afirmación coincidentemente edificación templo Señora Asunción basar él certificado Vasco Contreras describir don Vasco Contreras asistente Majestad corregidor Partido Omasuyos conferí dar posesión corporal Don Diego Chuquihuanka cargo Gobernador Cacique principal Azángaro presencia asistencia veinte agosto mil quinientos ochenta octavo Asunción Virgen mandar don Diego colocar cimiento iglesia pueblo Azángaro costa cargo certifico Reza escrito
Puno: Auto se precipita de un cerro y cae dentro de taller del Gobierno Regional|2024/08/21|https://diariosinfronteras.com.pe/2024/08/21/puno-auto-se-precipita-de-un-cerro-y-cae-dentro-de-taller-del-gobierno-regional/|Puno. Auto se precipita de un cerro y cae dentro de taller del Gobierno Regional. Al promediar la 1 de la madrugada ocurrió un aparatoso accidente donde un auto marca Hyundai de placa de rodaje X1D-240 se desbarrancó desde un cerro en el barrio Chejoña y cayó dentro del taller del Gobierno Regional destrozando parte del muro perimétrico. Dos personas que iban en el vehículo resultaron heridas, Franz Christian Quispe Mamani (26) y Luzmery Hancco Suca (26), ambos quedaron atrapados dentro del auto siendo auxiliados por personal de Bomberos y el SAMU qué llegaron al lugar. Las causas del accidente son investigadas, pero se presume que el conductor se encontraba en estado de ebriedad. Puno. Auto se precipita de un cerro y cae dentro de taller del Gobierno Regional.|Puno Auto precipitar cerro caer taller Gobierno Regional promediar 1 madrugada ocurrir aparatoso accidente auto marca Hyundai placa rodaje X1D-240 desbarrancar cerro barrio Chejoña caer taller Gobierno Regional destrozar muro perimétrico persona ir vehículo resultar herido Franz Christian Quispe Mamani 26 Luzmery Hancco Suca 26 quedar atrapado auto auxiliar personal Bomberos SAMU llegar lugar causa accidente investigar presumir conductor encontrar ebriedad Puno Auto precipitar cerro caer taller Gobierno Regional
Puno: Obrero cayó desde un segundo piso|2024/08/21|https://diariosinfronteras.com.pe/2024/08/21/puno-obrero-cayo-desde-un-segundo-piso/|Obrero cayó desde un segundo piso El obrero identificado como Juan Ermitaño Calatayud (69), resultó herido tras caer del segundo piso de un inmueble ubicado en la avenida Modesto Borda, de la salida Coata, cuando realizaba trabajos de construcción. Tras el accidente laboral los testigos llamaron rápidamente al personal de Serenazgo para auxiliarlo. Afortunadamente, tras la caída el obrero seguía consciente, pero adolorido, por lo que fue trasladado al hospital para recibir atención.|Obrero caer piso obrero identificado Juan Ermitaño Calatayud 69 resultar herido caer piso inmueble ubicado avenida Modesto Borda salida Coata realizar trabajo construcción accidente laboral testigo llamar rápidamente personal Serenazgo auxiliar él afortunadamente caída obrero seguir consciente adolorido trasladar hospital recibir atención
Puno: Explosión de gas deja a mujer herida|2024/08/21|https://diariosinfronteras.com.pe/2024/08/21/puno-explosion-de-gas-deja-a-mujer-herida/|Explosión de gas deja a mujer herida Una fuga de gas del balón de cocina originó una violenta explosión en el tercer piso de una vivienda del jirón Piérola, afortunadamente sin causar víctimas mortales. El suceso ocurrió a las 06:45 a.m. de ayer, y dejó a una mujer herida identificada como María Magdalena Ferro Guillén, quien fue auxiliada por los serenos y evacuada a EsSalud. Asimismo, la deflagración provocó daños estructurales en la casa de tres pisos y dejó daños materiales.|Explosión gas dejar mujer herido fuga gas balón cocina originar violento explosión tercer piso vivienda jirón Piérola afortunadamente causar víctima mortal suceso ocurrir 06:45 a.m ayer mujer herido identificado María Magdalena Ferro Guillén auxiliar sereno evacuar EsSalud asimismo deflagración provocar daño estructural casa piso daño material
Puno: Denuncian a Boluarte ante Corte Internacional|2024/08/21|https://diariosinfronteras.com.pe/2024/08/21/puno-denuncian-a-boluarte-ante-corte-internacional/|Denuncian a Boluarte ante Corte Internacional La presidenta Dina Boluarte y otros funcionarios de su gobierno fueron denunciadas ante la Corte Penal Internacional (CPI) por las muertes de 49 ciudadanos y más de 300 heridos durante las protestas entre los meses de diciembre del 2022 y febrero del 2023. Así lo dieron a conocer 16 políticos y juristas nacionales, entre ellos Marisol Pérez-Tello, Mirtha Vásquez, Diego García-Sayán, Harold Forsyth, Walter Albán, Indira Huilca Flores, Carlos Rivera Paz, entre otros, quienes la acusan de graves violaciones a los derechos humanos. Al respecto, Raúl Samillán, presidente de la Organización Nacional de Familiares de los asesinados y víctimas de las masacres 2022 y 2023, consideró esta denuncia como un paso para encontrar justicia. «Hace un mes se hizo el informe de los 49 asesinados, tomamos esta denuncia como si el fuero internacional hubiera accedido a nuestros pedidos(…), esperamos que en los siguientes días nos notifiquen, que iremos a declarar (…)», refirió. Agregó que hay pocas esperanzas de que las autoridades nacionales hagan justicia, sin embargo guardan esperanzas en las autoridades internacionacionales. «Para nosotros es importante esta noticia, en el Perú no hay esperanza de encontrar justicia, tratan de dilatar el tiempo (…)», indicó. Cabe precisar que el documento señala que en el proceso de presentación de la denuncia contra la mandataria y otras autoridades, se ha cumplido con las exigencias de la Corte y “actuó con estricto apego al derecho internacional y a la legislación peruana”. La declaración sostiene que se espera una investigación y que se llegue “hasta las últimas consecuencias, incluyendo las medidas cautelares a que haya lugar”. “(…) Cuando atravesamos una de las etapas más críticas de nuestra historia, caracterizada por una severa afectación de los principios de la democracia representativa y muy graves violaciones a los derechos humanos que no pueden, no deben quedar en la más absoluta impunidad”, se lee en el comunicado difundido por el medio Epicentro. Cabe precisar que hace dos meses la Federación Internacional por los Derechos Humanos (FIDH) y la Asociación Pro Derechos Humanos (Aprodeh) se reunió con este organismo internacional para presentar una denuncia similar, también por las muertes.|denunciar Boluarte Corte Internacional presidenta Dina Boluarte funcionario gobierno denunciar Corte Penal Internacional CPI muerte 49 ciudadano 300 herido protesta mes diciembre 2022 febrero 2023 16 político jurista nacional Marisol Pérez-Tello Mirtha Vásquez Diego García-Sayán Harold Forsyth Walter Albán Indira Huilca Flores Carlos Rivera Paz acusar grave violación derechos humanos Raúl Samillán presidente Organización Nacional Familiares asesinado víctima masacres 2022 2023 denuncia paso encontrar justicia mes informe 49 asesinado tomar denuncia fuero internacional haber acceder pedido esperar siguiente notificar ir declarar referir esperanza autoridad nacional hacer justicia guardar esperanza autoridad internacionacional importante noticia Perú esperanza encontrar justicia tratar dilatar tiempo caber precisar documento señalar proceso presentación denuncia mandataria autoridad cumplir exigencia Corte actuar estricto apego derecho internacional legislación peruano declaración sostener esperar investigación llegar consecuencia incluir medida cautelar lugar atravesar etapa crítica historia caracterizado severo afectación principio democracia representativo grave violación derechos humanos quedar absoluto impunidad leer comunicado difundido Epicentro caber precisar mes Federación Internacional Derechos Humanos FIDH Asociación Pro Derechos Humanos Aprodeh reunir organismo internacional presentar denuncia similar muerte
Puno: Impunidad tras acto de corrupción|2024/08/20|https://diariosinfronteras.com.pe/2024/08/20/puno-impunidad-tras-acto-de-corrupcion/|Impunidad tras acto de corrupción El próximo 27 de agosto se desarrollará la audiencia de apelación a una sentencia emitida con resolución N° 44, del 17 de febrero del 2023, que en primera instancia absolvió a tres funcionarios de la Municipalidad Distrital de San Antón (MDSA), procesados por actos de corrupción, revelados a raíz de un escandaloso audio en que el entonces alcalde, Moisés Morocco Mamani y dos empresarios, concertan una coima de 270 mil soles. La denuncia penal se hizo luego que el 27 de enero del 2017, cuando Irac Vargas, divulgó la sinuosa grabación en un acto público. “… ustedes no están cumpliendo su palabra, eran pues 270 ¿no es cierto? (…), ahora solo queremos que se cumpla (…), ustedes mismos han sacado esa fecha: “Tanto les vamos dar”, y nosotros (alcalde y ¿quién más?) les hemos creído”, se oyó en parte del sinuoso audio. La referida obra era para construir pistas y veredas en el jirón Atahualpa y calles transversales, a finales de 2015 por S/ 3 millones 258 mil. CONSUMÓ EL PACTO Para cumplir el acuerdo colusorio, primero debería ganar la buena pro el Consorcio Innova, y así fue. El 14 de setiembre de 2015, se designó a Jhomar Marcelino Tonconi Quispe como presidente del Comité de Selección. El procedimiento amañado evidenció un claro favorecimiento a la empresa, pues esta debió ser descalificada. De acuerdo al fiscal anticorrupción, Gilmer Escobar Gil, el papel de Tonconi Quispe fue relevante para que se cumpla el pacto; y en el proceso detalló las anomalías y alcanzó vistos buenos que sirvieron para que la MDSA pague al Consorcio Innova algunas valorizaciones sobrevaloradas. TREMENDA SENTENCIA A pesar de las graves implicancias, el juez Víctor Calizaya Coila, en su sentencia señala que si bien Tonconi Quispe intervino en los actos preparatorios y fase de selección, este no se habría coludido con la empresa contratista. “Se dispone que los acusados absueltos: Jhomar Marcelino Tonconi Quispe, Juan Sales Argandoña Rodríguez y Helmer Reynaldo Vilca Apaza, paguen (cada uno de ellos) el monto indemnizatorio de S/. 5,000.00 (cinco mil 00/100 soles) por los daños y perjuicios ocasionados a la administración estatal”. SÍ CONCERTÓ El fiscal fundamentó su apelación indicando que “Jhomar Marcelino Tonconi Quispe, se le atribuyó autoría en calidad de área usuaria y presidente del comité de selección; en relación a la concertación, a este último se le atribuyó concertación indirecta por intermedio de Moisés Morocco Mamani (pág. 42 de la subsanación). Se exhibe la Casación 1626-2018 San Martín. CONTRADICCIÓN “…Debe tomarse en cuenta, que el propio juzgador ha considerado en su sentencia que se advierte el aporte delictivo de Jhomar Tonconi Quispe, incluso hace referencia a la posibilidad de una desvinculación al tipo de negociación incompatible por los hechos acusados (…) dado que en el análisis que realiza el juzgador, en relación a los hechos atribuidos a Moisés Morocco Mamani y a los extraneus (empresarios) en los puntos 2.4.1. a 2.4.7. analiza y concluye que ha existido el delito de colusión tanto en su forma simple y agravada, precisando en el último párrafo del punto 2.4.4.”. EXIGEN JUSTICIA Ayer el presidente del Frente de Defensa de los Intereses de San Antón, Nerio Choqueluque Jacho, dijo que la población rehuye esa sentencia porque la consideran como un premio en vez de sanción. “Son siete años de juicio, al alcalde y empresarios los han sentenciado a 10 años, pero al señor Tonconi y otros lo absuelven. El hombre como gerente tuvo su participación… la población está indignada”, expresó. Añadió que él como exjuez del distrito, se siente extrañado por la sentencia, ya que como lo indica el fiscal, no está debidamente motivada. “A veces el Poder Judicial, a un pobre ciudadano lo meten a la cárcel, lo juzgan de todo, mientras que a uno que tiene plata no lo hacen… El pueblo de San Antón conoce al señor Tonconi, porque esa gestión ha sido un fracaso”, sostuvo y dijo tener confianza en que se hará justicia.|Impunidad acto corrupción 27 agosto desarrollar audiencia apelación sentencia emitido resolución n ° 44 17 febrero 2023 instancia absolver funcionario Municipalidad Distrital San Antón MDSA procesado acto corrupción revelado raíz escandaloso audio alcalde Moisés Morocco Mamani empresario concertan coima 270 mil sol denuncia penal 27 enero 2017 Irac Vargas divulgar sinuoso grabación acto público cumplir palabra 270 cumplir sacar fecha alcalde creer oir sinuoso audio referido obra construir pista vereda jirón Atahualpa calle transversal finales 2015 S/ 3 millón 258 mil CONSUMÓ PACTO cumplir colusorio deber ganar pro Consorcio Innova 14 setiembre 2015 designar Jhomar Marcelino Tonconi Quispe presidente Comité Selección procedimiento amañado evidenciar favorecimiento empresa deber descalificar fiscal anticorrupción Gilmer Escobar Gil papel Tonconi Quispe relevante cumplir pacto proceso detallar anomalía alcanzar visto servir MDSA pagar Consorcio Innova valorización sobrevalorada TREMENDA SENTENCIA grave implicancia juez Víctor Calizaya Coila sentencia señalar Tonconi Quispe intervenir acto preparatorio fase selección haber coludir empresa contratista disponer acusado absuelto Jhomar Marcelino Tonconi Quispe Juan Sales Argandoña Rodríguez Helmer Reynaldo Vilca Apaza pagar monto indemnizatorio S/. 5,000.00 mil 00/100 sol daño perjuicio ocasionado administración estatal concertó fiscal fundamentar apelación indicar Jhomar Marcelino Tonconi Quispe atribuir autoría calidad área usuario presidente comité selección relación concertación atribuir concertación indirecto intermedio Moisés Morocco Mamani pág. 42 subsanación exhibir Casación 1626-2018 San Martín contradicción tomar él juzgador considerar sentencia advertir aporte delictivo Jhomar Tonconi Quispe referencia posibilidad desvinculación tipo negociación incompatible hecho acusado análisis realizar juzgador relación hecho atribuido Moisés Morocco Mamani extraneus empresario punto 2.4.1 2.4.7 analizar concluir existir delito colusión forma simple agravado precisar párrafo punto 2.4.4 exigen JUSTICIA ayer presidente Frente Defensa Intereses San Antón Nerio Choqueluque Jacho población rehuir sentencia considerar premio sanción año juicio alcalde empresario sentenciar 10 año señor Tonconi absolver hombre gerente participación población indignado exjuez distrito sentir extrañado sentencia indicar fiscal debidamente motivado Judicial pobre ciudadano meter cárcel juzgar plata pueblo San Antón conocer señor Tonconi gestión fracaso sostener confianza hacer justicia
Puno: Gerente con antecedentes penales|2024/08/20|https://diariosinfronteras.com.pe/2024/08/20/puno-gerente-con-antecedentes-penales/|Gerente con antecedentes penales En la Municipalidad Distrital de Cabanillas (San Román) viene cumpliendo funciones de gerente municipal Nicolás Agapito Pari Bravo, cuestionado personaje que mantiene una serie de procesos en los fueron judiciales, además de haber estado internado en el penal La Capilla, todo ello con pleno conocimiento de la autoridad edil de dicha localidad. Agapito Pari Bravo mantiene una serie de procesos judiciales a los que Sin Fronteras tuvo acceso; asimismo, antecedentes policiales que han sido registrados en los diversos medios de comunicación que fueron reportados y denunciados en su momento. Entre los diversos delitos que se ha venido investigando en contra del actual gerente municipal de Cabanillas, se encuentra por estafa, usurpación, falsificación documentaria y falsificación ideológica, lesiones graves, peligro inminente a la vida, peculado, apropiación o utilización culposa de caudal, supuesto secuestro, entre otros delitos; en algunos casos con sentencia, otros con dictamen, archivados o en apelación. Sin embargo, y pese a estos antecedentes, Agapito Pari Bravo se encuentra laborando como gerente municipal en el distrito de Cabanillas, con la actual gestión del alcalde Jesús Quispe Mamani. INTERNAMIENTO Pari Bravo mantenía un proceso llevado en el Segundo Juzgado Penal de Investigación Preparatoria por el presunto delito de estafa genérica en agravio de la mujer identificada con las iniciales L.M.A.C., mediante la resolución 025-2017, el Poder Judicial dispuso la ejecución efectiva de dicha condena y el posterior internamiento en el establecimiento penitenciario. Cabe señalar que la aprehensión se dictaminó desde el 7 de enero del año 2019, y habiéndose dictado una condena de tres años de pena privativa de la libertad, la misma que vencería el 6 de enero del año 2022, por ello, mediante el oficio número 120-2019 dirigido al director del establecimiento penitenciario Juliaca, dispusieron el internamiento de Agapito Pari Bravo. ANTECEDENTES En agosto del año 2007, el citado gerente municipal de Cabanillas fue intervenido por el personal de Serenazgo de la municipalidad sanromina, luego de supuestamente haber atado del cuello a su entonces pareja de iniciales A.H.I., los hechos ocurrieron en una vivienda ubicada por inmediaciones del cerro Santa Cruz. Asimismo, en marzo del 2008, ocurrió un lamentable hecho en una conocida discoteca del jirón Jorge Chávez de Juliaca, donde resultó herido de bala el ciudadano identificado como Néstor Fabián T.M., la Policía investigó a Nicolás Pari Bravo por presuntamente estar implicado en este hecho. VERSIÓN Sin Fronteras se comunicó con Nicolás Pari Bravo, quien se mostró contrariado por esta información que había respecto a sus antecedentes. “En este momento no tengo impedimento para contratar con el Estado, no estoy observado, no tengo ningún impedimento de ejercer algún cargo público”, señaló; en cuanto a los antecedentes judiciales que obran en su haber, respecto a lo emitido en los medios en el año 2007 y 2008 indicó que “Todo está archivado”, refirió. Respecto a su internamiento en el penal La Capilla, aseguró no haber estado. “He sido absuelto, no he sido internado”, indicó. Cabe resaltar que el oficio número 120-2019 dirigido al director del establecimiento penitenciario Juliaca, dispusieron el internamiento de Agapito Pari Bravo, en dicho documento, fue el mismo gerente municipal de Cabanillas quien lo firma antes de ingresar a La Capilla.|Gerente antecedente penal Municipalidad Distrital Cabanillas San Román venir cumplir función gerente municipal Nicolás Agapito Pari Bravo cuestionado personaje mantener serie proceso judicial internado penal Capilla pleno conocimiento autoridad edil dicho localidad Agapito Pari Bravo mantener serie proceso judicial Fronteras acceso asimismo antecedente policial registrar diverso medio comunicación reportar denunciado momento diverso delito venir investigar actual gerente municipal Cabanillas estafa usurpación falsificación documentario falsificación ideológico lesión grave peligro inminente vida peculado apropiación utilización culpós caudal secuestro delito caso sentencia dictamen archivado apelación pese antecedente Agapito Pari Bravo laborar gerente municipal distrito Cabanillas actual gestión alcalde Jesús Quispe Mamani INTERNAMIENTO Pari Bravo mantener proceso llevado Juzgado Penal Investigación Preparatoria presunto delito estafa genérico agravio mujer identificado inicial L.M.A.C. resolución 025-2017 Judicial disponer ejecución efectivo dicho condena posterior internamiento establecimiento penitenciario caber señalar aprehensión dictaminar 7 enero año 2019 haber él dictar condena año pena privativo libertad vencer 6 enero año 2022 oficio número 120-2019 dirigido director establecimiento penitenciario Juliaca disponer internamiento Agapito Pari Bravo antecedente agosto año 2007 citado gerente municipal Cabanillas intervenir personal Serenazgo municipalidad sanromín supuestamente atar cuello pareja inicial A.H.I. hecho ocurrir vivienda ubicado inmediación cerro Santa Cruz asimismo marzo 2008 ocurrir lamentable conocido discoteca jirón Jorge Chávez Juliaca resultar herido bala ciudadano identificado Néstor Fabián T.M. Policía investigar Nicolás Pari Bravo presuntamente implicado versión Fronteras comunicar Nicolás Pari Bravo mostrar contrariado información antecedente momento impedimento contratar observado impedimento ejercer cargo público antecedente judicial obrar emitido medio año 2007 2008 archivado referir internamiento penal Capilla absolver internar caber resaltar oficio número 120-2019 dirigido director establecimiento penitenciario Juliaca disponer internamiento Agapito Pari Bravo documento gerente municipal Cabanillas firmar ingresar Capilla
Puno: Camioneta «loca» casi ocasiona una tragedia|2024/08/19|https://diariosinfronteras.com.pe/2024/08/19/puno-camioneta-loca-casi-ocasiona-una-tragedia/|Los vecinos del Jirón Leoncio Prado estarían organizándose para solicitar a la Municipalidad de Puno la instalación de reductores de velocidad y semáforos en varios cruces de esta vía debido a la racha de accidentes que ocurren casi a diario. CAMIONETA DEL TERROR El más reciente accidente de tránsito ocurrió con la camioneta de color azul con placa de rodaje P1S-729, conducida por Edgar Mamani Avendaño, que se subió a la acera y chocó contra una baranda cayendo unos 4 metros hacia abajo, dejando el vehículo con la parte delantera destrozada. «El ruido fue fuerte, pensamos que se habían chocado dos vehículos, cuando salimos vimos la camioneta y el conductor estaba al parecer borracho porque no reaccionaba a lo que le decíamos», indicó uno de los vecinos de la zona. HERIDO El conductor resultó herido con severos golpes en la cabeza y según la versión de los testigos se hallaba en presunto estado de ebriedad, él fue llevado de urgencia en una ambulancia del SAMU al Hospital Regional Manuel Núñez Butrón de Puno. Al lugar acudieron agentes de Serenazgo y luego la Policía que se hizo cargo de las investigaciones.|vecino Jirón Leoncio Prado estar organizar él solicitar Municipalidad Puno instalación reductor velocidad semáforo cruz vía racha accidente ocurrir diario CAMIONETA TERROR reciente accidente tránsito ocurrir camioneta color azul placa rodaje P1S-729 conducido Edgar Mamani Avendaño subir acera chocar baranda caer 4 metro abajo dejar vehículo delantero destrozado ruido fuerte pensar chocar vehículo salir ver camioneta conductor parecer borracho reaccionar decir vecino zona herido conductor resultar herido severo golpe cabeza versión testigo hallar presunto ebriedad llevar urgencia ambulancia SAMU Hospital Regional Manuel Núñez Butrón Puno lugar acudir agente Serenazgo Policía cargo investigación
Puno: Un herido y daños materiales tras choque frontal en la vía Azángaro-Juliaca|2024/08/19|https://diariosinfronteras.com.pe/2024/08/19/puno-un-herido-y-danos-materiales-tras-choque-frontal-en-la-via-azangaro-juliaca/|Pudo ser fatal, esta madrugada dos unidades vehiculares protagonizaron choque frontal en la vía Azángaro -Juliaca en el sector conocido como Pasincha, muy cerca a la ciudad de Azángaro. En el lugar chocaron frontalmente la camioneta Toyota Hilux color plomo de placa F0B-770 con el camión Hyundai color azul de placa V2P-89, dejando cómo saldo daños materias en ambas unidades, asimismo una ciudadana resultó con golpes y sangrado en la cabeza, la misma que fue evacuado al hospital Carlos Cornejo Roselló Vizcardo de la ciudad de Azángaro.|fatal madrugada unidad vehicular protagonizar choque frontal vía Azángaro -Juliaca sector conocido Pasincha cerca ciudad Azángaro lugar chocar frontalmente camioneta Toyota Hilux color plomo placa F0B-770 camión Hyundai color azul placa V2P-89 dejar saldo daño materia ambos unidad asimismo ciudadana resultar golpe sangrado cabeza evacuar hospital Carlos Cornejo Roselló Vizcardo ciudad Azángaro
Choque entre una combi y un auto en la vía Juliaca-Huata deja un fallecido|2024/08/18|https://diariosinfronteras.com.pe/2024/08/18/choque-entre-una-combi-y-un-auto-en-la-via-juliaca-huata-deja-un-fallecido/|Choque entre una combi y un auto en la vía Juliaca-Huata deja un fallecido/Difusión Luego del choque frontal entre un auto y una combi en la vía Juliaca-Huata, Andrés Umiña Yto, quien conducía el auto, terminó con graves heridas, pero al ser trasladado al Hospital Carlos Monge Medrano de Juliaca, solo se certificó su muerte. El accidente se registró en el kilómetro 16, donde llegó la Policía que trasladó al conductor de la combi de placa Z4U-009 a la comisaría de Huata para las diligencias del caso. Noticia en desarrollo…|Choque combi auto vía Juliaca-Huata dejar fallecido Difusión choque frontal auto combi vía Juliaca-Huata Andrés Umiña Yto conducir auto terminar grave herida trasladar Hospital Carlos Monge Medrano Juliaca certificar muerte accidente registrar kilómetro 16 Policía trasladar conductor combi placa Z4U-009 comisaría Huata diligencia caso noticia desarrollo
Puno: Despiste y volcadura deja un fallecido y tres heridos|2024/08/18|https://diariosinfronteras.com.pe/2024/08/18/puno-despiste-y-volcadura-deja-un-fallecido-y-tres-heridos/|Despiste y volcadura deja un fallecido y tres heridos Un trágico accidente de tránsito cobró la vida de una persona en la carretera Puno – Moquegua ayer por la mañana. FATAL DESENLACE El hecho se produjo al promediar las 6:30 a.m. a la altura del kilómetro 48 de la vía en el distrito de Pichacani; se trataba del auto marca Kia, modelo Picanto de color azul, de placa de rodaje Z5C- 435, el vehículo se habría despistado cerca a una curva y luego dio varias vueltas de campana quedando a unos 30 metros de la pista en una hondonada. Al lugar acudieron efectivos policiales para auxiliar a los heridos que a duras penas pudieron salir del vehículo siniestrado. Según informaron las autoridades, en el vehículo iba una familia de la cual falleció Brandon Caira Callata (20), y resultaron heridos Reyna Mery Caira Callata así como los menores A.F. P. C. (5) y A.P.C. (1 año). Ellos fueron trasladados de urgencia al Hospital regional Manuel Núñez Butrón de Puno. Las causas del accidente son investigadas por las autoridades que no descartan que la excesiva velocidad habría sido uno de los factores que ocasionaron la tragedia.|Despiste volcadura dejar fallecido herido trágico accidente tránsito cobrar vida persona carretera Puno Moquegua ayer mañana fatal DESENLACE producir promediar 6:30 a.m altura kilómetro 48 vía distrito Pichacani tratar auto marca Kia modelo Picanto color azul placa rodaje Z5C- 435 vehículo haber despistar cerca curva vuelta campana quedar 30 metro pista hondonada lugar acudir efectivo policial auxiliar herido duras pena poder salir vehículo siniestrado informar autoridad vehículo ir familia fallecer Brandon Caira Callata 20 resultar herido Reyna Mery Caira Callata menor A.F. P. C. 5 A.P.C. 1 año trasladar urgencia Hospital regional Manuel Núñez Butrón Puno causa accidente investigar autoridad descartar excesivo velocidad haber factor ocasionar tragedia
Puno: Tratan de ocultar accidente en una obra de la MPP|2024/08/16|https://diariosinfronteras.com.pe/2024/08/16/puno-tratan-de-ocultar-accidente-en-una-obra-de-la-mpp/|Puno: Tratan de ocultar accidente en una obra de la MPP Un obrero resultó herido tras caer y quedar atrapado por varios minutos en las obras de construcción de un tanque subterráneo de servicios higiénicos en la intersección de la avenida Costanera con el jirón Titicaca, en el Puerto Muelle Turístico. Según señalaron, sus compañeros de trabajo tuvieron que auxiliarlo porque quedó atrapado por un deslizamiento de tierra. Este hecho, al parecer pretendieron ocultarlo los responsables de la obra para evitar asumir responsabilidades y multas por tratarse de un accidente laboral. Al respecto, George Aquino, residente de la obra, trató de minimizar el accidente laboral, señalando que se trató de un pequeño deslizamiento de tierra, donde resbaló el hombre, resultando con un leve rasguño. Asimismo, informó que fue trasladado al Policlínico Municipal, ya que era personal recientemente contratado y no tenía seguro de salud. Al cierre de la edición continuaba el hermetismo en la municipalidad por este hecho.|Puno tratar ocultar accidente obra MPP obrero resultar herido caer quedar atrapado minuto obra construcción tanque subterráneo servicio higiénico intersección avenida Costanera jirón Titicaca Puerto Muelle Turístico señalar compañero trabajo tener auxiliar él atrapado deslizamiento tierra parecer pretender ocultar él responsable obra evitar asumir responsabilidad multa tratar él accidente laboral George Aquino residente obra tratar minimizar accidente laboral señalar tratar pequeño deslizamiento tierra resbalar hombre resultar leve rasguño asimismo trasladar Policlínico Municipal personal recientemente contratado seguro salud cierre edición continuar hermetismo municipalidad
Peatón se salva de morir tras ser atropellado por un auto|2024/08/15|https://diariosinfronteras.com.pe/2024/08/15/peaton-se-salva-de-morir-tras-ser-atropellado-por-un-auto/|Peatón se salva de morir tras ser atropellado por un auto La noche del miércoles se produjo un aparatoso accidente de tránsito en la avenida Sesquicentenario donde un varón fue atropellado por un auto resultando con lesiones de gravedad. VECINOS AYUDARON Los vecinos del barrio San José alertaron a las autoridades sobre el estado de un varón de unos 30 años que se hallaba tendido a un costado de la pista tras haber sido atropellado por el auto de color plomo de placa de rodaje BEJ-266; el hecho ocurrió al promediar las 8:00 p.m., tras varios minutos acudieron al lugar el personal de Serenazgo Municipal y luego una ambulancia del SAMU para auxiliar al herido que tenía traumatismos y sangraba de la cabeza, había perdido brevemente el conocimiento. «Escuchamos un golpe fuerte y al salir vimos al joven en el suelo, creíamos que lo había matado…», señaló una de las vecinas. A VELOCIDAD La Policía intervino luego al conductor del auto, según versión de los vecinos conducía a excesiva velocidad. El herido fue llevado al hospital regional de Puno donde fue diagnosticado con TEC moderado y su pronóstico era reservado.|Peatón salir morir atropellar auto noche miércoles producir aparatoso accidente tránsito avenida Sesquicentenario varón atropellar auto resultar lesión gravedad VECINOS ayudar vecino barrio San José alertar autoridad varón 30 año hallar tendido costado pista atropellar auto color plomo placa rodaje BEJ-266 ocurrir promediar 8:00 p.m minuto acudir lugar personal Serenazgo Municipal ambulancia SAMU auxiliar herido traumatismo sangrar cabeza perder brevemente conocimiento escuchar golpe fuerte salir ver joven suelo creíamos matar vecina VELOCIDAD Policía intervenir conductor auto versión vecino conducir excesivo velocidad herido llevar hospital regional Puno diagnosticar TEC moderado pronóstico reservar
Puno: No permitirán que Boluarte pise Puno|2024/08/14|https://diariosinfronteras.com.pe/2024/08/14/puno-no-permitiran-que-boluarte-pise-puno/|No permitirán que Boluarte pise Puno Como un acto de provocación calificó el dirigente puneño César Tito Rojas, la pretensión de la presidenta Dina Boluarte, de arribar a la región Puno este mes. ORGANIZACIONES LA RECHAZAN «El rechazo del pueblo hacia este gobierno es contundente, más del 90 % no la quiere. Esperemos que no concrete su pretensión, porque la indignación sigue latente. No hay justicia por los muertos, ella debería estar procesada, enjuiciada y encarcelada», sostuvo. NO LA RECIBIRÁN Añadió que en una asamblea general de organizaciones sociales que se desarrolló el último fin de semana, determinaron no permitir que Dina Boluarte pise la región Puno. «Esta es la posición generalizada de los sindicatos. El Comité Colegiado ya ha puesto en alerta al servicio de inteligencia de la presidenta, a su gente de avanzada, para que no llegue a Puno. Esperemos que no continúe con su provocación», añadió el dirigente sindical. Mediante una conferencia, los representantes de estas organizaciones advirtieron que estarán alertas ante cualquier movimiento, ante la posibilidad de que la mandataria llegue con gran contingente policial. PRETENSIÓN Se cree que Boluarte podría llegar este 28 a la Ciudad de los Vientos. La dirigencia ya ha advertido el inicio de protestas si esto se concreta, lo que podría desencadenar en un nuevo conflicto social, principalmente en esta ciudad, donde las heridas siguen abiertas por las muertes de casi 20 personas y decenas de heridos durante las protestas de 2023.|permitir Boluarte pise Puno acto provocación calificar dirigente puneño César Tito Rojas pretensión presidenta Dina Boluarte arribar región Puno mes organización RECHAZAN rechazo pueblo gobierno contundente 90 esperar concrete pretensión indignación latente justicia muerto deber procesado enjuiciado encarcelado sostener RECIBIRÁN asamblea general organización social desarrollar semana determinar permitir Dina Boluarte pise región Puno posición generalizado sindicato Comité Colegiado poner alerta servicio inteligencia presidenta gente avanzado llegar Puno esperar continuar provocación dirigente sindical conferencia representante organización advertir estar alerta movimiento posibilidad mandataria llegar contingente policial pretensión creer Boluarte llegar 28 Ciudad Vientos dirigencia advertir inicio protesta concretar desencadenar conflicto social principalmente ciudad herida seguir abierto muerte 20 persona decena herido protesta 2023
Puno: Fiscalización en el «ojo de la tormenta»|2024/08/14|https://diariosinfronteras.com.pe/2024/08/14/puno-fiscalizacion-en-el-ojo-de-la-tormenta/|"Fiscalización en el ""ojo de la tormenta"" ¡Escándalo en la Gerencia de Fiscalización de la Municipalidad de San Román! Propietarios de una vivienda denunciaron una irregular intervención e incautación de 40 cajas de cerveza, por parte de los funcionarios ediles en contra de una abuelita de 85 años de edad. Hilda Alarcón Peña (85) tiene su establecimiento comercial ubicado en la intersección del jirón 2 de Mayo con Ricardo Palma, en el lugar funciona un hospedaje y un depósito de cerveza. “No tengo ninguna cantina, aquí la gente no toma, compra cerveza y se la lleva”, señala la mujer agraviada, quien narró que el pasado viernes funcionarios de la Gerencia de Fiscalización se presentaron en su local, alegando que allí funcionaba una cantina clandestina. Tras la intervención, las autoridades dispusieron la incautación de aproximadamente 40 cajas de cerveza, que, según la denunciante, fueron trasladadas a los depósitos municipales, para la familia de la agraviada se trata de un abuso de autoridad y han solicitado la intervención de las autoridades competentes, la agraviada se encontraba sola. Además, manifestaron que, durante la intervención, se levantó un acta en la que se menciona la incautación de cerca de 30 cajas de cerveza, y no 40 como asegura la denunciante; al respecto, la hija de la agraviada, Mery Choque Alarcón, pidió una investigación por este hecho aparentemente irregular; por ello, mostró el acta de intervención emitido por la Gerencia de Fiscalización, donde efectivamente habría otra cantidad de cajas de cerveza que fueron incautadas."|Fiscalización ojo tormenta escándalo Gerencia Fiscalización Municipalidad San Román propietario vivienda denunciar irregular intervención incautación 40 caja cerveza funcionario edil abuelita 85 año edad Hilda Alarcón Peña 85 establecimiento comercial ubicado intersección jirón 2 mayo Ricardo Palma lugar funcionar hospedaje depósito cerveza cantina gente tomar compra cerveza señalar mujer agraviado narrar viernes funcionario Gerencia Fiscalización presentar local alegar funcionar cantina clandestino intervención autoridad disponer incautación 40 caja cerveza denunciante trasladar depósito municipal familia agraviada abuso autoridad solicitar intervención autoridad competente agraviada encontrar manifestar intervención levantar acta mencionar incautación cerca 30 caja cerveza 40 asegurar denunciante hija agraviada Mery Choque Alarcón pedir investigación aparentemente irregular mostrar acta intervención emitido Gerencia Fiscalización efectivamente haber cantidad caja cerveza incautar
Puno: 19 heridos tras despiste de minibús en Chimu|2024/08/14|https://diariosinfronteras.com.pe/2024/08/14/puno-19-heridos-tras-despiste-de-minibus-en-chimu/|19 heridos tras despiste de minibús en Chimu Un bus de la Empresa de Transporte Virgen de Fátima se despistó en la carretera Puno-Desaguadero, a la altura del sector Chimu, dejando 19 personas heridas, de los cuales 4 están graves. APARATOSO El accidente ocurrió al promediar las 8:15 am., el vehículo de la empresa Virgen de Fátima, de placa V2P-967 chocó contra un montículo de tierra y luego el conductor perdió el control volcándose del lado derecho, los heridos fueron trasladados de emergencia al Hospital Regional Manuel Núñez Butrón de Puno. Algunos pasajeros, señalaron que la causa del accidente fue por culpa del chofer quien se habría quedado dormido; otros dijeron que una mujer que iba como copiloto, entregó alguna bebida al chofer, distrayéndolo y provocando el accidente vehicular. El jefe del servicio de emergencia del nosocomio informó que al menos 4 heridos estaban graves y otros 2 pidieron su alta. PIDEN REDUCTORES Los pobladores de la zona exigieron a las autoridades la colocación de reductores de velocidad en el lugar donde ya han ocurrido varios accidentes inclusive con la muerte de personas.|19 herido despiste minibús Chimu bus Empresa Transporte Virgen Fátima despistar carretera Puno-Desaguadero altura sector Chimu dejar 19 persona herido 4 grave aparatoso accidente ocurrir promediar 8:15 am vehículo empresa Virgen Fátima placa v2p-967 chocar montículo tierra conductor perder control volcar él derecho herido trasladar emergencia Hospital Regional Manuel Núñez Butrón Puno pasajero señalar causa accidente culpa chofer haber quedar dormido mujer ir copiloto entregar bebida chofer distrayéndolo provocar accidente vehicular jefe servicio emergencia nosocomio 4 herido grave 2 pedir alto piden REDUCTORES poblador zona exigir autoridad colocación reductor velocidad lugar ocurrir accidente inclusive muerte persona
Puno: En ruta Puno-Desaguadero accidente deja 19 heridos|2024/08/14|https://diariosinfronteras.com.pe/2024/08/14/puno-en-ruta-puno-desaguadero-accidente-deja-19-heridos/|Puno: En ruta Puno-Desaguadero accidente deja 19 heridos Un bus interprovincial de la empresa de transportes Virgen de Fátima, con placa V2P-967, volcó en el sector Chimu, en la carretera Puno-Desaguadero. El accidente dejó un saldo de 19 personas heridas, quienes fueron trasladadas al hospital regional Manuel Núñez Butrón para recibir atención médica. El bus transportaba a 28 pasajeros al momento del accidente. Según testigos, la posible causa del siniestro sería la rotura del sistema de dirección del vehículo, aunque esto aún está en investigación de las autoridades competentes. Los heridos que fueron atendidos en el hospital son Rony Nain Choque Choque (18), Francisco Mamani Ccari (80), Yefson Fernando Gomez Cachi (23), Mónica Benito Palomino (31), Irene Moreano Romero (52), Ciriaco Sacari (55), Timoteo Gutiérrez Gómez (60), Elsa Quenta Ibáñez (43), María Cristina Quispe Laura (65), Lidia Ayhuasi Sarmiento (44), Ofelia Rojas Villavicencio (43). Asimismo, Nilda Curo Laquise (65), Pastora Ccosi Ccosi (55) y Saul Julver Quispe Chambi (42).|Puno ruta Puno-Desaguadero accidente dejar 19 herido bus interprovincial empresa transportes Virgen Fátima placa v2p-967 volcar sector Chimu carretera Puno-Desaguadero accidente saldo 19 persona herido trasladar hospital regional Manuel Núñez Butrón recibir atención médico bus transportar 28 pasajero momento accidente testigo causa siniestro rotura sistema dirección vehículo investigación autoridad competente herido atender hospital Rony Nain Choque Choque 18 Francisco Mamani Ccari 80 Yefson Fernando Gomez Cachi 23 Mónica Benito Palomino 31 Irene Moreano Romero 52 Ciriaco Sacari 55 Timoteo Gutiérrez Gómez 60 Elsa Quenta Ibáñez 43 María Cristina Quispe Laura 65 Lidia Ayhuasi Sarmiento 44 Ofelia Rojas Villavicencio 43 asimismo Nilda Curo Laquise 65 Pastora Ccosi Ccosi 55 Saul Julver Quispe Chambi 42
Puno: Supo y Vizcarra más juntos que nunca|2024/08/13|https://diariosinfronteras.com.pe/2024/08/13/puno-supo-y-vizcarra-mas-juntos-que-nunca/|Supo y Vizcarra más juntos que nunca Hugo Supo Tipula y el Movimiento a la Nación Originaria que dirige, se integraron al partido político Perú Primero que lidera el expresidente Martín Vizcarra, con miras a las elecciones de 2026. «Nosotros somos regionalistas y el hecho de que el presidente Vizcarra haya convertido su proyecto de uno regional a nacional, nos parece que nos integra», dijo, al tiempo de indicar que otra afinidad es la lucha anticorrupción. Supo Tipula aclaró que el Movimiento Originario sigue en proceso de inscripción, pero sus directivos decidieron unirse a este partido nacional, con el fin de garantizar la participación en los comicios regionales y municipales de 2026, ante el peligro de que el Congreso pueda ratificar la eliminación de las organizaciones políticas regionales. PRECANDIDATOS También se presentaron personajes que serían precandidatos en diferentes provincias, tal es el caso de Octavio Mamani Ortiz en Huancané. Miguel Mestas en Lampa. Óscar Mamani en San Román. Diógenes Choquechambi en Moho, entre otros. Alistan planchas en las 13 provincias y 110 distritos. OTROS PERSONAJES Otras organizaciones políticas que avanzan en este tipo de alianzas, son Eduardo Quispe Pandia con Ahora Nación de Alfonso López-Chau. Paulino Machaca Ari con Antauro, del etnocacerista Antauro Humala. Wilber Cutipa. con Nuevo Perú de Verónika Mendoza. TONCONI SE QUEDA SOLO Mientras que el grupo que lidera el precandidato Marcelino Tonconi se queda a la deriva y pone en riesgo las candidaturas que había reclutado bajo el movimiento Acción Social de Integración (ASI).|saber Vizcarra junto Hugo Supo Tipula Movimiento Nación Originaria dirigir integrar partido político Perú liderar expresidente Martín Vizcarra miras elección 2026 regionalista presidente Vizcarra convertir proyecto regional nacional integrar tiempo indicar afinidad lucha anticorrupción saber Tipula aclarar Movimiento Originario proceso inscripción directivo decidir unir él partido nacional garantizar participación comicio regional municipal 2026 peligro Congreso ratificar eliminación organización política regional precandidato presentar personaje ser precandidato provincia caso Octavio Mamani Ortiz Huancané Miguel Mestas Lampa Óscar Mamani San Román Diógenes Choquechambi Moho alistar plancha 13 provincia 110 distrito personaje organización política avanzar tipo alianza Eduardo Quispe Pandia Nación Alfonso López-Chau Paulino Machaca Ari Antauro etnocacerista Antauro Humala Wilber Cutipa Perú Verónika Mendoza TONCONI QUEDA grupo liderar precandidato Marcelino Tonconi quedar deriva poner riesgo candidatura reclutar movimiento Acción Social Integración ASI).
